{
  "Wine_datset": {
    "accuracy": 0.6966292134831461,
    "f1-score": 0.7027419275082827,
    "max_distance": 260.17989737871756,
    "silhouette": 0.4509495977477564,
    "davies_bouldin": 0.497221255270887,
    "calinski_harabasz": 407.8659289289767,
    "adjusted_rand": 0.28764259338780557,
    "normalized_mutual_info": 0.4235104872799205,
    "adjusted_mutual_info": 0.4137851263749483,
    "mutual_info": 0.463798647258435
  }
}