{
  "Rings_dataset": {
    "accuracy": 0.42833333333333334,
    "f1-score": 0.36102472810895797,
    "max_distance": 4.48196227902195
  },
  "Half_moons_dataset": {
    "accuracy": 0.9791666666666666,
    "f1-score": 0.9791469953235096,
    "max_distance": 3.123346613602088
  },
  "MNIST_dataset": {
    "accuracy": 0.322,
    "f1-score": 0.28496052962059026,
    "max_distance": 10.998274654106728
  },
  "IRIS_datset": {
    "accuracy": 0.8533333333333334,
    "f1-score": 0.8458736163654197,
    "max_distance": 2.24276614920058
  },
  "Wine_datset": {
    "accuracy": 0.6741573033707865,
    "f1-score": 0.5239538424325209,
    "max_distance": 206.4035958989087
  },
  "Cancer_datset": {
    "accuracy": 0.648506151142355,
    "f1-score": 0.4441622381994373,
    "max_distance": 2033.0174565686452
  },
  "Swiss_Roll_dataset": {
    "accuracy": 0.542,
    "f1-score": 0.45123645483095604,
    "max_distance": 12.964481364431068
  }
}