{
  "Rings_dataset": {
    "accuracy": 0.43166666666666664,
    "f1-score": 0.37602666268882334,
    "max_distance": 4.566728488566651
  },
  "Half_moons_dataset": {
    "accuracy": 0.9791666666666666,
    "f1-score": 0.9791469953235096,
    "max_distance": 3.123346613602088
  }
}