Dataset,Standard Silhouette,Standard DBI,Standard Iter,Standard Time (s),Dynamic Silhouette,Dynamic DBI,Dynamic Iter,Dynamic Time (s)
Rings,-0.027141732911203025,11.868411322215636,1999,231.7812602519989,-0.03339918890277157,11.592016045010261,1260,170.79051661491394
Moons,0.10105628157869938,3.8144005654308675,1999,225.17417120933533,0.08420914423782587,3.943038295839066,240,29.112073183059692
MNIST (1k),-0.04477104486971202,7.950113829316372,1999,179.2971613407135,-0.04477104486971202,7.950113829316372,1999,195.9101505279541
Iris,0.4407157153017272,0.9142263072120519,1999,3.2400176525115967,0.447715814299042,0.9005567928745121,120,0.2267899513244629
Wine,0.44381466204747494,0.8049275622850519,1999,4.34461236000061,0.4984428755704205,0.706112814028652,20,0.09067487716674805
Breast Cancer,0.32450657462720706,1.2021151541737074,1999,88.0754177570343,0.32624940387525,1.2027741254894355,1140,55.012611627578735
Swiss Roll,0.0614373994182566,1.3491847587542454,1999,195.59462428092957,0.04284488965241808,1.3954935429251651,940,84.35216879844666
